1723993669,122846243,joy,-0.0,-0.0,-0.0,-0.0,1.0,1.0,0.0,0.0,0,0,0,0,0,0,0,0,0,0,0,0,0,0,0
1723993669,223094882,joy,-0.0,-0.0,-0.0,-0.0,1.0,1.0,0.0,0.0,0,0,0,0,0,0,0,0,0,0,0,0,0,0,0
1723993669,273878203,joy,-0.0,-0.0,-0.0,-0.0,1.0,1.0,0.0,0.0,0,0,0,0,0,0,0,0,0,0,0,0,0,0,0
1723993669,372133145,joy,-0.0,-0.0,-0.0,-0.0,1.0,1.0,0.0,0.0,0,0,0,0,0,0,0,0,0,0,0,0,0,0,0
1723993669,422925654,joy,-0.0,-0.0,-0.0,-0.0,1.0,1.0,0.0,0.0,0,0,0,0,0,0,0,0,0,0,0,0,0,0,0
1723993669,522071008,joy,-0.0,-0.0,-0.0,-0.0,1.0,1.0,0.0,0.0,0,0,0,0,0,0,0,0,0,0,0,0,0,0,0
1723993669,572700944,joy,-0.0,-0.0,-0.0,-0.0,1.0,1.0,0.0,0.0,0,0,0,0,0,0,0,0,0,0,0,0,0,0,0
1723993669,672995380,joy,-0.0,-0.0,-0.0,-0.0,1.0,1.0,0.0,0.0,0,0,0,0,0,0,0,0,0,0,0,0,0,0,0
1723993669,723588753,joy,-0.0,-0.0,-0.0,-0.0,1.0,1.0,0.0,0.0,0,0,0,0,0,0,0,0,0,0,0,0,0,0,0
1723993669,774102495,joy,-0.0,-0.0,-0.0,-0.0,1.0,1.0,0.0,0.0,0,0,0,0,0,0,0,0,0,0,0,0,0,0,0
1723993669,824917402,joy,-0.0,-0.0,-0.0,-0.0,1.0,1.0,0.0,0.0,0,0,0,0,0,0,0,0,0,0,0,0,0,0,0
1723993669,916104181,joy,-0.0,-0.0,-0.0,-0.0,1.0,1.0,0.0,0.0,0,0,0,0,0,0,0,0,0,1,0,0,0,0,0
1723993669,916169779,joy,-0.0,-0.0,-0.0,-0.0,1.0,1.0,0.0,0.0,0,0,0,0,0,0,0,0,0,1,0,0,0,0,0
1723993669,916180429,joy,-0.0,-0.0,-0.0,-0.0,-1.0,1.0,0.0,0.0,0,0,0,0,0,0,0,0,0,1,0,0,0,0,0
1723993669,967957716,joy,-0.0,-0.0,-0.0,-0.0,-1.0,1.0,0.0,0.0,0,0,0,0,0,0,0,0,0,1,0,0,0,0,0
1723993670,18562240,joy,-0.0,-0.0,-0.0,-0.0,-1.0,1.0,0.0,0.0,0,0,0,0,0,0,0,0,0,1,0,0,0,0,0
1723993670,91756420,joy,-0.0,-0.0,-0.0,-0.0,-1.0,1.0,0.0,0.0,0,0,0,0,0,0,0,0,0,0,0,0,0,0,0
1723993670,91823896,joy,-0.0,-0.0,-0.0,-0.0,1.0,1.0,0.0,0.0,0,0,0,0,0,0,0,0,0,0,0,0,0,0,0
1723993670,156016730,joy,-0.0,-0.0,-0.0,-0.0,1.0,1.0,0.0,0.0,0,0,0,0,0,0,0,0,0,1,0,0,0,0,0
1723993670,163686963,joy,-0.0,-0.0,-0.0,-0.0,-1.0,1.0,0.0,0.0,0,0,0,0,0,0,0,0,0,1,0,0,0,0,0
1723993670,263706410,joy,-0.0,-0.0,-0.0,-0.0,-1.0,1.0,0.0,0.0,0,0,0,0,0,0,0,0,0,1,0,0,0,0,0
1723993670,291908356,joy,-0.0,-0.0,-0.0,-0.0,-1.0,1.0,0.0,0.0,0,0,0,0,0,0,0,0,0,0,0,0,0,0,0
1723993670,291971415,joy,-0.0,-0.0,-0.0,-0.0,1.0,1.0,0.0,0.0,0,0,0,0,0,0,0,0,0,0,0,0,0,0,0
1723993670,391074627,joy,-0.0,-0.0,-0.0,-0.0,1.0,1.0,0.0,0.0,0,0,0,0,0,0,0,0,0,0,0,0,0,0,0
1723993670,441780197,joy,-0.0,-0.0,-0.0,-0.0,1.0,1.0,0.0,0.0,0,0,0,0,0,0,0,0,0,0,0,0,0,0,0
1723993670,524000069,joy,-0.0,-0.0,-0.0,-0.0,1.0,1.0,0.0,0.0,0,0,0,0,0,0,0,1,0,0,0,0,0,0,0
1723993670,555585025,joy,-0.0,-0.0,-0.0,-0.0,1.0,1.0,0.0,0.0,0,0,0,0,0,0,0,0,0,0,0,0,0,0,0
1723993670,572417465,joy,-0.0,-0.0,-0.0,-0.0,1.0,1.0,0.0,0.0,0,0,0,0,0,0,0,0,0,1,0,0,0,0,0
1723993670,572481812,joy,-0.0,-0.0,-0.0,-0.0,-1.0,1.0,0.0,0.0,0,0,0,0,0,0,0,0,0,1,0,0,0,0,0
1723993670,672856906,joy,-0.0,-0.0,-0.0,-0.0,-1.0,1.0,0.0,0.0,0,0,0,0,0,0,0,0,0,1,0,0,0,0,0
1723993670,676279363,joy,-0.0,-0.0,-0.0,-0.0,-1.0,1.0,0.0,0.0,0,0,0,0,0,0,0,0,0,0,0,0,0,0,0
1723993670,676343450,joy,-0.0,-0.0,-0.0,-0.0,1.0,1.0,0.0,0.0,0,0,0,0,0,0,0,0,0,0,0,0,0,0,0
1723993670,707851892,joy,-0.0,-0.0,-0.0,-0.0,1.0,1.0,0.0,0.0,0,0,0,0,0,0,1,0,0,0,0,0,0,0,0
1723993670,756414636,joy,-0.0,-0.0,-0.0,-0.0,1.0,1.0,0.0,0.0,0,0,0,0,0,0,0,0,0,0,0,0,0,0,0
1723993670,780140483,joy,-0.0,-0.0,-0.0,-0.0,1.0,1.0,0.0,0.0,0,0,0,0,0,0,0,1,0,0,0,0,0,0,0
1723993670,819686114,joy,-0.0,-0.0,-0.0,-0.0,1.0,1.0,0.0,0.0,0,0,0,0,0,0,0,0,0,0,0,0,0,0,0
1723993670,852090686,joy,-0.0,-0.0,-0.0,-0.0,1.0,1.0,0.0,0.0,0,0,0,0,0,0,0,0,1,0,0,0,0,0,0
1723993670,852149773,joy,-0.0,-0.0,-0.0,-0.0,1.0,1.0,0.0,0.0,0,0,0,0,0,0,0,0,1,0,0,0,0,0,0
1723993670,852155260,joy,-0.0,-0.0,-0.0,-0.0,1.0,-1.0,0.0,0.0,0,0,0,0,0,0,0,0,1,0,0,0,0,0,0
1723993670,859975978,joy,-0.0,-0.0,-0.0,-0.0,1.0,-1.0,0.0,0.0,0,0,0,0,0,0,0,0,1,1,0,0,0,0,0
1723993670,860042020,joy,-0.0,-0.0,-0.0,-0.0,-1.0,-1.0,0.0,0.0,0,0,0,0,0,0,0,0,1,1,0,0,0,0,0
1723993670,899340180,joy,-0.0,-0.0,-0.0,-0.0,-1.0,-1.0,0.0,0.0,0,0,0,0,0,0,1,0,1,1,0,0,0,0,0
1723993670,932059543,joy,-0.0,-0.0,-0.0,-0.0,-1.0,-1.0,0.0,0.0,0,0,0,0,0,0,1,0,0,1,0,0,0,0,0
1723993670,932123203,joy,-0.0,-0.0,-0.0,-0.0,-1.0,1.0,0.0,0.0,0,0,0,0,0,0,1,0,0,1,0,0,0,0,0
1723993670,955766723,joy,-0.0,-0.0,-0.0,-0.0,-1.0,1.0,0.0,0.0,0,0,0,0,0,0,1,0,0,0,0,0,0,0,0
1723993670,955833800,joy,-0.0,-0.0,-0.0,-0.0,1.0,1.0,0.0,0.0,0,0,0,0,0,0,1,0,0,0,0,0,0,0,0
1723993670,979421864,joy,-0.0,-0.0,-0.0,-0.0,1.0,1.0,0.0,0.0,0,0,0,0,0,0,0,0,0,0,0,0,0,0,0
1723993670,979485567,joy,-0.0,-0.0,-0.0,-0.0,1.0,1.0,0.0,0.0,0,0,0,0,0,0,0,1,0,0,0,0,0,0,0
1723993671,29147268,joy,-0.0,-0.0,-0.0,-0.0,1.0,1.0,0.0,0.0,0,0,0,0,0,0,0,1,0,0,0,0,0,0,0
1723993671,80003921,joy,-0.0,-0.0,-0.0,-0.0,1.0,1.0,0.0,0.0,0,0,0,0,0,0,0,1,0,0,0,0,0,0,0
1723993671,83402851,joy,-0.0,-0.0,-0.0,-0.0,1.0,1.0,0.0,0.0,0,0,0,0,0,0,1,1,0,0,0,0,0,0,0
1723993671,133090299,joy,-0.0,-0.0,-0.0,-0.0,1.0,1.0,0.0,0.0,0,0,0,0,0,0,1,1,0,0,0,0,0,0,0
1723993671,180363738,joy,-0.0,-0.0,-0.0,-0.0,1.0,1.0,0.0,0.0,0,0,0,0,0,0,1,0,0,0,0,0,0,0,0
1723993671,204098141,joy,-0.0,-0.0,-0.0,-0.0,1.0,1.0,0.0,0.0,0,0,0,0,0,0,1,0,0,0,0,0,0,0,0
1723993671,204160951,joy,-0.0,-0.0,-0.0,-0.22393035888671875,1.0,1.0,0.0,0.0,0,0,0,0,0,0,1,0,0,0,0,0,0,0,0
1723993671,212059686,joy,-0.0,-0.0,-0.0,-0.8679030537605286,1.0,1.0,0.0,0.0,0,0,0,0,0,0,1,0,0,0,0,0,0,0,0
1723993671,219961430,joy,-0.0,-0.0,-0.0,-1.0,1.0,1.0,0.0,0.0,0,0,0,0,0,0,1,0,0,0,0,0,0,0,0
1723993671,220027672,joy,-0.0,-0.0,-0.0,-1.0,1.0,1.0,0.0,0.0,0,0,0,0,0,0,0,0,0,0,0,0,0,0,0
1723993671,243717632,joy,0.496412456035614,-0.0,-0.0,-1.0,1.0,1.0,0.0,0.0,0,0,0,0,0,0,0,0,0,0,0,0,0,0,0
1723993671,243781084,joy,0.496412456035614,0.07535341382026672,-0.0,-1.0,1.0,1.0,0.0,0.0,0,0,0,0,0,0,0,0,0,0,0,0,0,0,0
1723993671,251724495,joy,1.0,0.07535341382026672,-0.0,-1.0,1.0,1.0,0.0,0.0,0,0,0,0,0,0,0,0,0,0,0,0,0,0,0
1723993671,251786631,joy,1.0,0.6780457496643066,-0.0,-1.0,1.0,1.0,0.0,0.0,0,0,0,0,0,0,0,0,0,0,0,0,0,0,0
1723993671,259704650,joy,1.0,1.0,-0.0,-1.0,1.0,1.0,0.0,0.0,0,0,0,0,0,0,0,0,0,0,0,0,0,0,0
1723993671,275361185,joy,1.0,1.0,-0.05880916491150856,-1.0,1.0,1.0,0.0,0.0,0,0,0,0,0,0,0,0,0,0,0,0,0,0,0
1723993671,284435020,joy,1.0,1.0,-0.20741824805736542,-1.0,1.0,1.0,0.0,0.0,0,0,0,0,0,0,0,0,0,0,0,0,0,0,0
1723993671,300195628,joy,1.0,1.0,-0.3725394308567047,-1.0,1.0,1.0,0.0,0.0,0,0,0,0,0,0,0,0,0,0,0,0,0,0,0
1723993671,308084831,joy,1.0,1.0,-0.5294045805931091,-1.0,1.0,1.0,0.0,0.0,0,0,0,0,0,0,0,0,0,0,0,0,0,0,0
1723993671,315971156,joy,1.0,1.0,-0.6862697005271912,-1.0,1.0,1.0,0.0,0.0,0,0,0,0,0,0,0,0,0,0,0,0,0,0,0
1723993671,323865449,joy,1.0,1.0,-0.8183666467666626,-1.0,1.0,1.0,0.0,0.0,0,0,0,0,0,0,0,0,0,0,0,0,0,0,0
1723993671,339609041,joy,1.0,0.7523503303527832,-0.8183666467666626,-1.0,1.0,1.0,0.0,0.0,0,0,0,0,0,0,0,0,0,0,0,0,0,0,0
1723993671,339688846,joy,1.0,0.7523503303527832,-1.0,-1.0,1.0,1.0,0.0,0.0,0,0,0,0,0,0,0,0,0,0,0,0,0,0,0
1723993671,347554113,joy,1.0,0.6285094022750854,-1.0,-1.0,1.0,1.0,0.0,0.0,0,0,0,0,0,0,0,0,0,0,0,0,0,0,0
1723993671,355409118,joy,1.0,0.46338823437690735,-1.0,-1.0,1.0,1.0,0.0,0.0,0,0,0,0,0,0,0,0,0,0,0,0,0,0,0
1723993671,364427504,joy,1.0,0.29826703667640686,-1.0,-1.0,1.0,1.0,0.0,0.0,0,0,0,0,0,0,0,0,0,0,0,0,0,0,0
1723993671,364488719,joy,1.0,0.29826703667640686,-1.0,-0.6945257782936096,1.0,1.0,0.0,0.0,0,0,0,0,0,0,0,0,0,0,0,0,0,0,0
1723993671,372282294,joy,1.0,0.07535341382026672,-1.0,-0.6945257782936096,1.0,1.0,0.0,0.0,0,0,0,0,0,0,0,0,0,0,0,0,0,0,0
1723993671,372347170,joy,1.0,0.07535341382026672,-1.0,-0.28997883200645447,1.0,1.0,0.0,0.0,0,0,0,0,0,0,0,0,0,0,0,0,0,0,0
1723993671,380185776,joy,1.0,-0.0,-1.0,-0.28997883200645447,1.0,1.0,0.0,0.0,0,0,0,0,0,0,0,0,0,0,0,0,0,0,0
1723993671,380249324,joy,1.0,-0.0,-1.0,-0.0,1.0,1.0,0.0,0.0,0,0,0,0,0,0,0,0,0,0,0,0,0,0,0
1723993671,430841672,joy,1.0,-0.0,-1.0,-0.0,1.0,1.0,0.0,0.0,0,0,0,0,0,0,0,0,0,0,0,0,0,0,0
1723993671,451971551,joy,1.0,-0.0,-0.3477712571620941,-0.0,1.0,1.0,0.0,0.0,0,0,0,0,0,0,0,0,0,0,0,0,0,0,0
1723993671,459819493,joy,1.0,-0.0,-0.0,-0.0,1.0,1.0,0.0,0.0,0,0,0,0,0,0,0,0,0,0,0,0,0,0,0
1723993671,492331734,joy,1.0,-0.0,-0.0,-0.22393035888671875,1.0,1.0,0.0,0.0,0,0,0,0,0,0,0,0,0,0,0,0,0,0,0
1723993671,500183703,joy,1.0,-0.0,-0.0,-0.8926712274551392,1.0,1.0,0.0,0.0,0,0,0,0,0,0,0,0,0,0,0,0,0,0,0
1723993671,515936173,joy,1.0,-0.0,-0.0,-1.0,1.0,1.0,0.0,0.0,0,0,0,0,0,0,0,0,0,0,0,0,0,0,0
1723993671,572326737,joy,1.0,-0.009272808209061623,-0.0,-1.0,1.0,1.0,0.0,0.0,0,0,0,0,0,0,0,0,0,0,0,0,0,0,0
1723993671,580188964,joy,1.0,-0.04229704663157463,-0.0,-1.0,1.0,1.0,0.0,0.0,0,0,0,0,0,0,0,0,0,0,0,0,0,0,0
1723993671,588087055,joy,1.0,-0.10008946806192398,-0.0,-1.0,1.0,1.0,0.0,0.0,0,0,0,0,0,0,0,0,0,0,0,0,0,0,0
1723993671,603847463,joy,1.0,-0.1909061223268509,-0.0,-1.0,1.0,1.0,0.0,0.0,0,0,0,0,0,0,0,0,0,0,0,0,0,0,0
1723993671,611769334,joy,1.0,-0.2156742960214615,-0.0,-1.0,1.0,1.0,0.0,0.0,0,0,0,0,0,0,0,0,0,0,0,0,0,0,0
1723993671,619729621,joy,1.0,-0.43033185601234436,-0.0,-1.0,1.0,1.0,0.0,0.0,0,0,0,0,0,0,0,0,0,0,0,0,0,0,0
1723993671,627623618,joy,1.0,-0.6449894309043884,-0.0,-1.0,1.0,1.0,0.0,0.0,0,0,0,0,0,0,0,0,0,0,0,0,0,0,0
1723993671,652273665,joy,1.0,-1.0,-0.0,-1.0,1.0,1.0,0.0,0.0,0,0,0,0,0,0,0,0,0,0,0,0,0,0,0
1723993671,652337207,joy,1.0,-1.0,-0.4633561074733734,-1.0,1.0,1.0,0.0,0.0,0,0,0,0,0,0,0,0,0,0,0,0,0,0,0
1723993671,660202308,joy,1.0,-1.0,-0.8183666467666626,-1.0,1.0,1.0,0.0,0.0,0,0,0,0,0,0,0,0,0,0,0,0,0,0,0
1723993671,668080635,joy,1.0,-1.0,-1.0,-1.0,1.0,1.0,0.0,0.0,0,0,0,0,0,0,0,0,0,0,0,0,0,0,0
1723993671,683916790,joy,1.0,-1.0,-1.0,-0.8513908982276917,1.0,1.0,0.0,0.0,0,0,0,0,0,0,0,0,0,0,0,0,0,0,0
1723993671,691875834,joy,1.0,-1.0,-1.0,-0.5046364068984985,1.0,1.0,0.0,0.0,0,0,0,0,0,0,0,0,0,0,0,0,0,0,0
1723993671,699768643,joy,0.7688624262809753,-1.0,-1.0,-0.5046364068984985,1.0,1.0,0.0,0.0,0,0,0,0,0,0,0,0,0,0,0,0,0,0,0
1723993671,699830997,joy,0.7688624262809753,-1.0,-1.0,-0.232186421751976,1.0,1.0,0.0,0.0,0,0,0,0,0,0,0,0,0,0,0,0,0,0,0
1723993671,707705876,joy,0.48815640807151794,-1.0,-1.0,-0.232186421751976,1.0,1.0,0.0,0.0,0,0,0,0,0,0,0,0,0,0,0,0,0,0,0
1723993671,707768842,joy,0.48815640807151794,-1.0,-1.0,-0.08357734233140945,1.0,1.0,0.0,0.0,0,0,0,0,0,0,0,0,0,0,0,0,0,0,0
1723993671,715607197,joy,0.1744261234998703,-1.0,-1.0,-0.08357734233140945,1.0,1.0,0.0,0.0,0,0,0,0,0,0,0,0,0,0,0,0,0,0,0
1723993671,715684814,joy,0.1744261234998703,-1.0,-1.0,-0.0010167482541874051,1.0,1.0,0.0,0.0,0,0,0,0,0,0,0,0,0,0,0,0,0,0,0
1723993671,723398439,joy,-0.0,-1.0,-1.0,-0.0010167482541874051,1.0,1.0,0.0,0.0,0,0,0,0,0,0,0,0,0,0,0,0,0,0,0
1723993671,723461174,joy,-0.0,-1.0,-1.0,-0.0,1.0,1.0,0.0,0.0,0,0,0,0,0,0,0,0,0,0,0,0,0,0,0
1723993671,774151007,joy,-0.0,-1.0,-1.0,-0.0,1.0,1.0,0.0,0.0,0,0,0,0,0,0,0,0,0,0,0,0,0,0,0
1723993671,811426083,joy,-0.20741824805736542,-1.0,-1.0,-0.0,1.0,1.0,0.0,0.0,0,0,0,0,0,0,0,0,0,0,0,0,0,0,0
1723993671,811484482,joy,-0.20741824805736542,-1.0,-1.0,-0.4963803291320801,1.0,1.0,0.0,0.0,0,0,0,0,0,0,0,0,0,0,0,0,0,0,0
1723993671,820438825,joy,-0.43858790397644043,-1.0,-1.0,-0.4963803291320801,1.0,1.0,0.0,0.0,0,0,0,0,0,0,0,0,0,0,0,0,0,0,0
1723993671,820502376,joy,-0.43858790397644043,-1.0,-0.7358060479164124,-0.4963803291320801,1.0,1.0,0.0,0.0,0,0,0,0,0,0,0,0,0,0,0,0,0,0,0
1723993671,820511323,joy,-0.43858790397644043,-1.0,-0.7358060479164124,-1.0,1.0,1.0,0.0,0.0,0,0,0,0,0,0,0,0,0,0,0,0,0,0,0
1723993671,828313416,joy,-0.6532454490661621,-1.0,-0.7358060479164124,-1.0,1.0,1.0,0.0,0.0,0,0,0,0,0,0,0,0,0,0,0,0,0,0,0
1723993671,828374637,joy,-0.6532454490661621,-1.0,-0.24044248461723328,-1.0,1.0,1.0,0.0,0.0,0,0,0,0,0,0,0,0,0,0,0,0,0,0,0
1723993671,836195373,joy,-0.8844151496887207,-1.0,-0.24044248461723328,-1.0,1.0,1.0,0.0,0.0,0,0,0,0,0,0,0,0,0,0,0,0,0,0,0
1723993671,836259818,joy,-0.8844151496887207,-1.0,-0.0,-1.0,1.0,1.0,0.0,0.0,0,0,0,0,0,0,0,0,0,0,0,0,0,0,0
1723993671,844098502,joy,-1.0,-1.0,-0.0,-1.0,1.0,1.0,0.0,0.0,0,0,0,0,0,0,0,0,0,0,0,0,0,0,0
1723993671,844168496,joy,-1.0,-0.6449894309043884,-0.0,-1.0,1.0,1.0,0.0,0.0,0,0,0,0,0,0,0,0,0,0,0,0,0,0,0
1723993671,852003312,joy,-1.0,-0.14962582290172577,-0.0,-1.0,1.0,1.0,0.0,0.0,0,0,0,0,0,0,0,0,0,0,0,0,0,0,0
1723993671,859855414,joy,-1.0,-0.0,-0.0,-1.0,1.0,1.0,0.0,0.0,0,0,0,0,0,0,0,0,0,0,0,0,0,0,0
1723993671,899333229,joy,-1.0,0.5046685338020325,-0.0,-1.0,1.0,1.0,0.0,0.0,0,0,0,0,0,0,0,0,0,0,0,0,0,0,0
1723993671,908337914,joy,-1.0,0.9092154502868652,-0.0,-1.0,1.0,1.0,0.0,0.0,0,0,0,0,0,0,0,0,0,0,0,0,0,0,0
1723993671,916198881,joy,-1.0,1.0,-0.0,-1.0,1.0,1.0,0.0,0.0,0,0,0,0,0,0,0,0,0,0,0,0,0,0,0
1723993671,931987591,joy,-0.6532454490661621,1.0,-0.0,-1.0,1.0,1.0,0.0,0.0,0,0,0,0,0,0,0,0,0,0,0,0,0,0,0
1723993671,939855448,joy,-0.43033185601234436,1.0,-0.0,-1.0,1.0,1.0,0.0,0.0,0,0,0,0,0,0,0,0,0,0,0,0,0,0,0
1723993671,947808661,joy,-0.17439399659633636,1.0,-0.0,-1.0,1.0,1.0,0.0,0.0,0,0,0,0,0,0,0,0,0,0,0,0,0,0,0
1723993671,955766557,joy,-0.0,1.0,-0.0,-1.0,1.0,1.0,0.0,0.0,0,0,0,0,0,0,0,0,0,0,0,0,0,0,0
1723993671,971578454,joy,-0.0,1.0,0.058841291815042496,-1.0,1.0,1.0,0.0,0.0,0,0,0,0,0,0,0,0,0,0,0,0,0,0,0
1723993671,979423638,joy,-0.0,1.0,0.2404746115207672,-1.0,1.0,1.0,0.0,0.0,0,0,0,0,0,0,0,0,0,0,0,0,0,0,0
1723993671,988443679,joy,-0.0,1.0,0.4221079349517822,-1.0,1.0,1.0,0.0,0.0,0,0,0,0,0,0,0,0,0,0,0,0,0,0,0
1723993671,996214546,joy,-0.0,1.0,0.6119973063468933,-1.0,1.0,1.0,0.0,0.0,0,0,0,0,0,0,0,0,0,0,0,0,0,0,0
1723993672,4081492,joy,-0.0,1.0,0.702813982963562,-1.0,1.0,1.0,0.0,0.0,0,0,0,0,0,0,0,0,0,0,0,0,0,0,0
1723993672,19772839,joy,-0.0,1.0,0.6945579051971436,-1.0,1.0,1.0,0.0,0.0,0,0,0,0,0,0,0,0,0,0,0,0,0,0,0
1723993672,27736498,joy,-0.0,1.0,0.25698673725128174,-1.0,1.0,1.0,0.0,0.0,0,0,0,0,0,0,0,0,0,0,0,0,0,0,0
1723993672,27797628,joy,-0.0,1.0,0.25698673725128174,-0.0,1.0,1.0,0.0,0.0,0,0,0,0,0,0,0,0,0,0,0,0,0,0,0
1723993672,35572439,joy,-0.0,1.0,-0.0,-0.0,1.0,1.0,0.0,0.0,0,0,0,0,0,0,0,0,0,0,0,0,0,0,0
1723993672,43420595,joy,0.017560992389917374,1.0,-0.0,-0.0,1.0,1.0,0.0,0.0,0,0,0,0,0,0,0,0,0,0,0,0,0,0,0
1723993672,52340054,joy,0.10837765038013458,1.0,-0.0,-0.0,1.0,1.0,0.0,0.0,0,0,0,0,0,0,0,0,0,0,0,0,0,0,0
1723993672,60188160,joy,0.10837765038013458,0.669789731502533,-0.0,-0.0,1.0,1.0,0.0,0.0,0,0,0,0,0,0,0,0,0,0,0,0,0,0,0
1723993672,68077090,joy,0.10837765038013458,-0.0,-0.0,-0.0,1.0,1.0,0.0,0.0,0,0,0,0,0,0,0,0,0,0,0,0,0,0,0
1723993672,68138048,joy,0.10837765038013458,-0.0,-0.0,0.16617007553577423,1.0,1.0,0.0,0.0,0,0,0,0,0,0,0,0,0,0,0,0,0,0,0
1723993672,76007656,joy,-0.0,-0.0,-0.0,0.16617007553577423,1.0,1.0,0.0,0.0,0,0,0,0,0,0,0,0,0,0,0,0,0,0,0
1723993672,76069700,joy,-0.0,-0.0,-0.0,0.7936305999755859,1.0,1.0,0.0,0.0,0,0,0,0,0,0,0,0,0,0,0,0,0,0,0
1723993672,83858235,joy,-0.0,-0.0,-0.0,1.0,1.0,1.0,0.0,0.0,0,0,0,0,0,0,0,0,0,0,0,0,0,0,0
1723993672,91767822,joy,-0.0,-0.38905155658721924,-0.0,1.0,1.0,1.0,0.0,0.0,0,0,0,0,0,0,0,0,0,0,0,0,0,0,0
1723993672,99742218,joy,-0.0,-1.0,-0.0,1.0,1.0,1.0,0.0,0.0,0,0,0,0,0,0,0,0,0,0,0,0,0,0,0
1723993672,195733144,joy,-0.0,-1.0,-0.0,0.8431669473648071,1.0,1.0,0.0,0.0,0,0,0,0,0,0,0,0,0,0,0,0,0,0,0
1723993672,203690748,joy,-0.0,-1.0,-0.0,0.14140188694000244,1.0,1.0,0.0,0.0,0,0,0,0,0,0,0,0,0,0,0,0,0,0,0
1723993672,211583961,joy,-0.0,-1.0,-0.0,-0.0,1.0,1.0,0.0,0.0,0,0,0,0,0,0,0,0,0,0,0,0,0,0,0
1723993672,251803910,joy,-0.0,-1.0,-0.0,-0.306490957736969,1.0,1.0,0.0,0.0,0,0,0,0,0,0,0,0,0,0,0,0,0,0,0
1723993672,259732246,joy,-0.0,-1.0,-0.0,-1.0,1.0,1.0,0.0,0.0,0,0,0,0,0,0,0,0,0,0,0,0,0,0,0
1723993672,267681794,joy,-0.0,-0.1661379486322403,-0.0,-1.0,1.0,1.0,0.0,0.0,0,0,0,0,0,0,0,0,0,0,0,0,0,0,0
1723993672,283435762,joy,-0.0,-0.0,-0.0,-1.0,1.0,1.0,0.0,0.0,0,0,0,0,0,0,0,0,0,0,0,0,0,0,0
1723993672,308090631,joy,-0.0,0.4468761086463928,-0.0,-1.0,1.0,1.0,0.0,0.0,0,0,0,0,0,0,0,0,0,0,0,0,0,0,0
1723993672,315974220,joy,-0.0,1.0,-0.0,-1.0,1.0,1.0,0.0,0.0,0,0,0,0,0,0,0,0,0,0,0,0,0,0,0
1723993672,411768281,joy,-0.0,1.0,-0.0,-0.826622724533081,1.0,1.0,0.0,0.0,0,0,0,0,0,0,0,0,0,0,0,0,0,0,0
1723993672,419734713,joy,-0.0,1.0,-0.0,-0.0,1.0,1.0,0.0,0.0,0,0,0,0,0,0,0,0,0,0,0,0,0,0,0
1723993672,452299474,joy,-0.0,0.5046685338020325,-0.0,-0.0,1.0,1.0,0.0,0.0,0,0,0,0,0,0,0,0,0,0,0,0,0,0,0
1723993672,460182812,joy,-0.0,-0.0,-0.0,-0.0,1.0,1.0,0.0,0.0,0,0,0,0,0,0,0,0,0,0,0,0,0,0,0
1723993672,460253793,joy,-0.0,-0.0,-0.0,0.3560594320297241,1.0,1.0,0.0,0.0,0,0,0,0,0,0,0,0,0,0,0,0,0,0,0
1723993672,468072205,joy,-0.0,-0.0,-0.0,1.0,1.0,1.0,0.0,0.0,0,0,0,0,0,0,0,0,0,0,0,0,0,0,0
1723993672,518504142,joy,-0.0,-0.0,-0.0,1.0,1.0,1.0,0.0,0.0,0,0,0,0,0,0,0,0,0,0,0,0,0,0,0
1723993672,539880254,joy,-0.0,-0.0,-0.0,0.7936305999755859,1.0,1.0,0.0,0.0,0,0,0,0,0,0,0,0,0,0,0,0,0,0,0
1723993672,547819525,joy,-0.0,-0.0,-0.0,-0.0,1.0,1.0,0.0,0.0,0,0,0,0,0,0,0,0,0,0,0,0,0,0,0
1723993672,647974766,joy,-0.0,-0.0,-0.0,-0.0,1.0,1.0,0.0,0.0,0,0,0,0,0,0,0,0,0,0,0,0,0,0,0
1723993672,698549746,joy,-0.0,-0.0,-0.0,-0.0,1.0,1.0,0.0,0.0,0,0,0,0,0,0,0,0,0,0,0,0,0,0,0
1723993672,732264616,joy,-0.0,-0.0,-0.0,-0.0,1.0,1.0,0.0,0.0,0,0,0,0,1,0,0,0,0,0,0,0,0,0,0
1723993672,782914696,joy,-0.0,-0.0,-0.0,-0.0,1.0,1.0,0.0,0.0,0,0,0,0,1,0,0,0,0,0,0,0,0,0,0
1723993672,882959228,joy,-0.0,-0.0,-0.0,-0.0,1.0,1.0,0.0,0.0,0,0,0,0,1,0,0,0,0,0,0,0,0,0,0
1723993672,933564415,joy,-0.0,-0.0,-0.0,-0.0,1.0,1.0,0.0,0.0,0,0,0,0,1,0,0,0,0,0,0,0,0,0,0
1723993672,971678467,joy,-0.0,0.5046685338020325,-0.0,-0.0,1.0,1.0,0.0,0.0,0,0,0,0,1,0,0,0,0,0,0,0,0,0,0
1723993672,979519663,joy,-0.0,1.0,-0.0,-0.0,1.0,1.0,0.0,0.0,0,0,0,0,1,0,0,0,0,0,0,0,0,0,0
1723993673,79588224,joy,-0.0,1.0,-0.0,-0.0,1.0,1.0,0.0,0.0,0,0,0,0,1,0,0,0,0,0,0,0,0,0,0
1723993673,130023279,joy,-0.0,1.0,-0.0,-0.0,1.0,1.0,0.0,0.0,0,0,0,0,1,0,0,0,0,0,0,0,0,0,0
1723993673,180476948,joy,-0.0,1.0,-0.0,-0.0,1.0,1.0,0.0,0.0,0,0,0,0,1,0,0,0,0,0,0,0,0,0,0
1723993673,280409769,joy,-0.0,1.0,-0.0,-0.0,1.0,1.0,0.0,0.0,0,0,0,0,1,0,0,0,0,0,0,0,0,0,0
1723993673,331137085,joy,-0.0,1.0,-0.0,-0.0,1.0,1.0,0.0,0.0,0,0,0,0,1,0,0,0,0,0,0,0,0,0,0
1723993673,430324000,joy,-0.0,1.0,-0.0,-0.0,1.0,1.0,0.0,0.0,0,0,0,0,1,0,0,0,0,0,0,0,0,0,0
1723993673,480997866,joy,-0.0,1.0,-0.0,-0.0,1.0,1.0,0.0,0.0,0,0,0,0,1,0,0,0,0,0,0,0,0,0,0
1723993673,531797358,joy,-0.0,1.0,-0.0,-0.0,1.0,1.0,0.0,0.0,0,0,0,0,1,0,0,0,0,0,0,0,0,0,0
1723993673,631866428,joy,-0.0,1.0,-0.0,-0.0,1.0,1.0,0.0,0.0,0,0,0,0,1,0,0,0,0,0,0,0,0,0,0
1723993673,731958054,joy,-0.0,1.0,-0.0,-0.0,1.0,1.0,0.0,0.0,0,0,0,0,1,0,0,0,0,0,0,0,0,0,0
1723993673,782499234,joy,-0.0,1.0,-0.0,-0.0,1.0,1.0,0.0,0.0,0,0,0,0,1,0,0,0,0,0,0,0,0,0,0
1723993673,882726114,joy,-0.0,1.0,-0.0,-0.0,1.0,1.0,0.0,0.0,0,0,0,0,1,0,0,0,0,0,0,0,0,0,0
1723993673,983027157,joy,-0.0,1.0,-0.0,-0.0,1.0,1.0,0.0,0.0,0,0,0,0,1,0,0,0,0,0,0,0,0,0,0
1723993674,33688767,joy,-0.0,1.0,-0.0,-0.0,1.0,1.0,0.0,0.0,0,0,0,0,1,0,0,0,0,0,0,0,0,0,0
1723993674,133026247,joy,-0.0,1.0,-0.0,-0.0,1.0,1.0,0.0,0.0,0,0,0,0,1,0,0,0,0,0,0,0,0,0,0
1723993674,183611432,joy,-0.0,1.0,-0.0,-0.0,1.0,1.0,0.0,0.0,0,0,0,0,1,0,0,0,0,0,0,0,0,0,0
1723993674,283072700,joy,-0.0,1.0,-0.0,-0.0,1.0,1.0,0.0,0.0,0,0,0,0,1,0,0,0,0,0,0,0,0,0,0
1723993674,333879803,joy,-0.0,1.0,-0.0,-0.0,1.0,1.0,0.0,0.0,0,0,0,0,1,0,0,0,0,0,0,0,0,0,0
1723993674,433121814,joy,-0.0,1.0,-0.0,-0.0,1.0,1.0,0.0,0.0,0,0,0,0,1,0,0,0,0,0,0,0,0,0,0
1723993674,483331092,joy,-0.0,1.0,-0.0,-0.0,1.0,1.0,0.0,0.0,0,0,0,0,1,0,0,0,0,0,0,0,0,0,0
1723993674,533996072,joy,-0.0,1.0,-0.0,-0.0,1.0,1.0,0.0,0.0,0,0,0,0,1,0,0,0,0,0,0,0,0,0,0
1723993674,584608321,joy,-0.0,1.0,-0.0,-0.0,1.0,1.0,0.0,0.0,0,0,0,0,1,0,0,0,0,0,0,0,0,0,0
1723993674,635099601,joy,-0.0,1.0,-0.0,-0.0,1.0,1.0,0.0,0.0,0,0,0,0,1,0,0,0,0,0,0,0,0,0,0
1723993674,685838061,joy,-0.0,1.0,-0.0,-0.0,1.0,1.0,0.0,0.0,0,0,0,0,1,0,0,0,0,0,0,0,0,0,0
1723993674,786097386,joy,-0.0,1.0,-0.0,-0.0,1.0,1.0,0.0,0.0,0,0,0,0,1,0,0,0,0,0,0,0,0,0,0
1723993674,836835814,joy,-0.0,1.0,-0.0,-0.0,1.0,1.0,0.0,0.0,0,0,0,0,1,0,0,0,0,0,0,0,0,0,0
1723993674,936933689,joy,-0.0,1.0,-0.0,-0.0,1.0,1.0,0.0,0.0,0,0,0,0,1,0,0,0,0,0,0,0,0,0,0
1723993674,987233503,joy,-0.0,1.0,-0.0,-0.0,1.0,1.0,0.0,0.0,0,0,0,0,1,0,0,0,0,0,0,0,0,0,0
1723993675,37968028,joy,-0.0,1.0,-0.0,-0.0,1.0,1.0,0.0,0.0,0,0,0,0,1,0,0,0,0,0,0,0,0,0,0
1723993675,88702844,joy,-0.0,1.0,-0.0,-0.0,1.0,1.0,0.0,0.0,0,0,0,0,1,0,0,0,0,0,0,0,0,0,0
1723993675,188926332,joy,-0.0,1.0,-0.0,-0.0,1.0,1.0,0.0,0.0,0,0,0,0,1,0,0,0,0,0,0,0,0,0,0
1723993675,288289231,joy,-0.0,1.0,-0.0,-0.0,1.0,1.0,0.0,0.0,0,0,0,0,1,0,0,0,0,0,0,0,0,0,0
1723993675,340283511,joy,-0.0,0.702813982963562,-0.0,-0.0,1.0,1.0,0.0,0.0,0,0,0,0,1,0,0,0,0,0,0,0,0,0,0
1723993675,348214785,joy,-0.0,-0.0,-0.0,-0.0,1.0,1.0,0.0,0.0,0,0,0,0,1,0,0,0,0,0,0,0,0,0,0
1723993675,448766755,joy,-0.0,-0.0,-0.0,-0.0,1.0,1.0,0.0,0.0,0,0,0,0,1,0,0,0,0,0,0,0,0,0,0
1723993675,549112303,joy,-0.0,-0.0,-0.0,-0.0,1.0,1.0,0.0,0.0,0,0,0,0,1,0,0,0,0,0,0,0,0,0,0
1723993675,600114874,joy,-0.0,-0.0,-0.0,-0.0,1.0,1.0,0.0,0.0,0,0,0,0,1,0,0,0,0,0,0,0,0,0,0
1723993675,650856242,joy,-0.0,-0.0,-0.0,-0.0,1.0,1.0,0.0,0.0,0,0,0,0,1,0,0,0,0,0,0,0,0,0,0
1723993675,667643678,joy,-0.0,0.3312912583351135,-0.0,-0.0,1.0,1.0,0.0,0.0,0,0,0,0,1,0,0,0,0,0,0,0,0,0,0
1723993675,675538139,joy,-0.0,0.8101427555084229,-0.0,-0.0,1.0,1.0,0.0,0.0,0,0,0,0,1,0,0,0,0,0,0,0,0,0,0
1723993675,683422163,joy,-0.0,1.0,-0.0,-0.0,1.0,1.0,0.0,0.0,0,0,0,0,1,0,0,0,0,0,0,0,0,0,0
1723993675,783762206,joy,-0.0,1.0,-0.0,-0.0,1.0,1.0,0.0,0.0,0,0,0,0,1,0,0,0,0,0,0,0,0,0,0
1723993675,860419410,joy,-0.0,0.5046685338020325,-0.0,-0.0,1.0,1.0,0.0,0.0,0,0,0,0,1,0,0,0,0,0,0,0,0,0,0
1723993675,868319766,joy,-0.0,0.07535341382026672,-0.0,-0.0,1.0,1.0,0.0,0.0,0,0,0,0,1,0,0,0,0,0,0,0,0,0,0
1723993675,876187678,joy,-0.0,-0.0,-0.0,-0.0,1.0,1.0,0.0,0.0,0,0,0,0,1,0,0,0,0,0,0,0,0,0,0
1723993675,927025222,joy,-0.0,-0.0,-0.0,-0.0,1.0,1.0,0.0,0.0,0,0,0,0,1,0,0,0,0,0,0,0,0,0,0
1723993675,978837583,joy,-0.0,-0.0,-0.0,-0.0,1.0,1.0,0.0,0.0,0,0,0,0,1,0,0,0,0,0,0,0,0,0,0
1723993676,78250806,joy,-0.0,-0.0,-0.0,-0.0,1.0,1.0,0.0,0.0,0,0,0,0,1,0,0,0,0,0,0,0,0,0,0
1723993676,83961918,joy,-0.08357734233140945,-0.0,-0.0,-0.0,1.0,1.0,0.0,0.0,0,0,0,0,1,0,0,0,0,0,0,0,0,0,0
1723993676,91853466,joy,-0.6037091016769409,-0.0,-0.0,-0.0,1.0,1.0,0.0,0.0,0,0,0,0,1,0,0,0,0,0,0,0,0,0,0
1723993676,99780008,joy,-1.0,-0.0,-0.0,-0.0,1.0,1.0,0.0,0.0,0,0,0,0,1,0,0,0,0,0,0,0,0,0,0
1723993676,199089884,joy,-1.0,-0.0,-0.0,-0.0,1.0,1.0,0.0,0.0,0,0,0,0,1,0,0,0,0,0,0,0,0,0,0
1723993676,249767712,joy,-1.0,-0.0,-0.0,-0.0,1.0,1.0,0.0,0.0,0,0,0,0,1,0,0,0,0,0,0,0,0,0,0
1723993676,348751836,joy,-1.0,-0.0,-0.0,-0.0,1.0,1.0,0.0,0.0,0,0,0,0,1,0,0,0,0,0,0,0,0,0,0
1723993676,388118900,joy,-0.5871970057487488,-0.0,-0.0,-0.0,1.0,1.0,0.0,0.0,0,0,0,0,1,0,0,0,0,0,0,0,0,0,0
1723993676,396042060,joy,-0.0,-0.0,-0.0,-0.0,1.0,1.0,0.0,0.0,0,0,0,0,1,0,0,0,0,0,0,0,0,0,0
1723993676,435468571,joy,0.12488976866006851,-0.0,-0.0,-0.0,1.0,1.0,0.0,0.0,0,0,0,0,1,0,0,0,0,0,0,0,0,0,0
1723993676,444475742,joy,0.7440942525863647,-0.0,-0.0,-0.0,1.0,1.0,0.0,0.0,0,0,0,0,1,0,0,0,0,0,0,0,0,0,0
1723993676,452311165,joy,1.0,-0.0,-0.0,-0.0,1.0,1.0,0.0,0.0,0,0,0,0,1,0,0,0,0,0,0,0,0,0,0
1723993676,502988119,joy,1.0,-0.0,-0.0,-0.0,1.0,1.0,0.0,0.0,0,0,0,0,1,0,0,0,0,0,0,0,0,0,0
1723993676,553724638,joy,1.0,-0.0,-0.0,-0.0,1.0,1.0,0.0,0.0,0,0,0,0,1,0,0,0,0,0,0,0,0,0,0
1723993676,653670924,joy,1.0,-0.0,-0.0,-0.0,1.0,1.0,0.0,0.0,0,0,0,0,1,0,0,0,0,0,0,0,0,0,0
1723993676,748448007,joy,0.6780457496643066,-0.0,-0.0,-0.0,1.0,1.0,0.0,0.0,0,0,0,0,1,0,0,0,0,0,0,0,0,0,0
1723993676,756294576,joy,-0.0,-0.0,-0.0,-0.0,1.0,1.0,0.0,0.0,0,0,0,0,1,0,0,0,0,0,0,0,0,0,0
1723993676,807112633,joy,-0.0,-0.0,-0.0,-0.0,1.0,1.0,0.0,0.0,0,0,0,0,1,0,0,0,0,0,0,0,0,0,0
1723993676,857747886,joy,-0.0,-0.0,-0.0,-0.0,1.0,1.0,0.0,0.0,0,0,0,0,1,0,0,0,0,0,0,0,0,0,0
1723993676,958030608,joy,-0.0,-0.0,-0.0,-0.0,1.0,1.0,0.0,0.0,0,0,0,0,1,0,0,0,0,0,0,0,0,0,0
1723993677,4265687,joy,-0.0,-0.8183666467666626,-0.0,-0.0,1.0,1.0,0.0,0.0,0,0,0,0,1,0,0,0,0,0,0,0,0,0,0
1723993677,12205103,joy,-0.0,-1.0,-0.0,-0.0,1.0,1.0,0.0,0.0,0,0,0,0,1,0,0,0,0,0,0,0,0,0,0
1723993677,63009088,joy,-0.0,-1.0,-0.0,-0.0,1.0,1.0,0.0,0.0,0,0,0,0,1,0,0,0,0,0,0,0,0,0,0
1723993677,113763684,joy,-0.0,-1.0,-0.0,-0.0,1.0,1.0,0.0,0.0,0,0,0,0,1,0,0,0,0,0,0,0,0,0,0
1723993677,213866111,joy,-0.0,-1.0,-0.0,-0.0,1.0,1.0,0.0,0.0,0,0,0,0,1,0,0,0,0,0,0,0,0,0,0
1723993677,299559910,joy,-0.0,-0.8183666467666626,-0.0,-0.0,1.0,1.0,0.0,0.0,0,0,0,0,1,0,0,0,0,0,0,0,0,0,0
1723993677,307388252,joy,-0.0,-0.22393035888671875,-0.0,-0.0,1.0,1.0,0.0,0.0,0,0,0,0,1,0,0,0,0,0,0,0,0,0,0
1723993677,316440243,joy,-0.0,-0.0,-0.0,-0.0,1.0,1.0,0.0,0.0,0,0,0,0,1,0,0,0,0,0,0,0,0,0,0
1723993677,416061185,joy,-0.0,-0.0,-0.0,-0.0,1.0,1.0,0.0,0.0,0,0,0,0,1,0,0,0,0,0,0,0,0,0,0
1723993677,466575873,joy,-0.0,-0.0,-0.0,-0.0,1.0,1.0,0.0,0.0,0,0,0,0,1,0,0,0,0,0,0,0,0,0,0
1723993677,500191627,joy,-0.3560273051261902,-0.0,-0.0,-0.0,1.0,1.0,0.0,0.0,0,0,0,0,1,0,0,0,0,0,0,0,0,0,0
1723993677,508080143,joy,-0.7275500297546387,-0.0,-0.0,-0.0,1.0,1.0,0.0,0.0,0,0,0,0,1,0,0,0,0,0,0,0,0,0,0
1723993677,515987166,joy,-1.0,-0.0,-0.0,-0.0,1.0,1.0,0.0,0.0,0,0,0,0,1,0,0,0,0,0,0,0,0,0,0
1723993677,566999527,joy,-1.0,-0.0,-0.0,-0.0,1.0,1.0,0.0,0.0,0,0,0,0,1,0,0,0,0,0,0,0,0,0,0
1723993677,617779731,joy,-1.0,-0.0,-0.0,-0.0,1.0,1.0,0.0,0.0,0,0,0,0,1,0,0,0,0,0,0,0,0,0,0
1723993677,676218942,joy,-1.0,-0.13311371207237244,-0.0,-0.0,1.0,1.0,0.0,0.0,0,0,0,0,1,0,0,0,0,0,0,0,0,0,0
1723993677,684178323,joy,-1.0,-0.24869854748249054,-0.0,-0.0,1.0,1.0,0.0,0.0,0,0,0,0,1,0,0,0,0,0,0,0,0,0,0
1723993677,692084819,joy,-1.0,-0.38079550862312317,-0.0,-0.0,1.0,1.0,0.0,0.0,0,0,0,0,1,0,0,0,0,0,0,0,0,0,0
1723993677,699860245,joy,-0.6202212572097778,-0.38079550862312317,-0.0,-0.0,1.0,1.0,0.0,0.0,0,0,0,0,1,0,0,0,0,0,0,0,0,0,0
1723993677,699923588,joy,-0.6202212572097778,-0.38905155658721924,-0.0,-0.0,1.0,1.0,0.0,0.0,0,0,0,0,1,0,0,0,0,0,0,0,0,0,0
1723993677,707773441,joy,-0.0,-0.38905155658721924,-0.0,-0.0,1.0,1.0,0.0,0.0,0,0,0,0,1,0,0,0,0,0,0,0,0,0,0
1723993677,715735933,joy,-0.0,-0.33951520919799805,-0.0,-0.0,1.0,1.0,0.0,0.0,0,0,0,0,1,0,0,0,0,0,0,0,0,0,0
1723993677,723685535,joy,-0.0,-0.0,-0.0,-0.0,1.0,1.0,0.0,0.0,0,0,0,0,1,0,0,0,0,0,0,0,0,0,0
1723993677,731584403,joy,0.02581705152988434,-0.0,-0.0,-0.0,1.0,1.0,0.0,0.0,0,0,0,0,1,0,0,0,0,0,0,0,0,0,0
1723993677,739407823,joy,0.826654851436615,-0.0,-0.0,-0.0,1.0,1.0,0.0,0.0,0,0,0,0,1,0,0,0,0,0,0,0,0,0,0
1723993677,747298093,joy,1.0,-0.0,-0.0,-0.0,1.0,1.0,0.0,0.0,0,0,0,0,1,0,0,0,0,0,0,0,0,0,0
1723993677,797996160,joy,1.0,-0.0,-0.0,-0.0,1.0,1.0,0.0,0.0,0,0,0,0,1,0,0,0,0,0,0,0,0,0,0
1723993677,848633158,joy,1.0,-0.0,-0.0,-0.0,1.0,1.0,0.0,0.0,0,0,0,0,1,0,0,0,0,0,0,0,0,0,0
1723993677,948852691,joy,1.0,-0.0,-0.0,-0.0,1.0,1.0,0.0,0.0,0,0,0,0,1,0,0,0,0,0,0,0,0,0,0
1723993677,971326757,joy,0.08360946923494339,-0.0,-0.0,-0.0,1.0,1.0,0.0,0.0,0,0,0,0,1,0,0,0,0,0,0,0,0,0,0
1723993677,980321033,joy,-0.0,-0.0,-0.0,-0.0,1.0,1.0,0.0,0.0,0,0,0,0,1,0,0,0,0,0,0,0,0,0,0
1723993678,19761665,joy,-0.47986820340156555,-0.0,-0.0,-0.0,1.0,1.0,0.0,0.0,0,0,0,0,1,0,0,0,0,0,0,0,0,0,0
1723993678,27721656,joy,-1.0,-0.0,-0.0,-0.0,1.0,1.0,0.0,0.0,0,0,0,0,1,0,0,0,0,0,0,0,0,0,0
1723993678,35698656,joy,-1.0,0.08360946923494339,-0.0,-0.0,1.0,1.0,0.0,0.0,0,0,0,0,1,0,0,0,0,0,0,0,0,0,0
1723993678,43608773,joy,-1.0,0.07535341382026672,-0.0,-0.0,1.0,1.0,0.0,0.0,0,0,0,0,1,0,0,0,0,0,0,0,0,0,0
1723993678,93983030,joy,-1.0,0.07535341382026672,-0.0,-0.0,1.0,1.0,0.0,0.0,0,0,0,0,1,0,0,0,0,0,0,0,0,0,0
1723993678,124415548,joy,-1.0,0.08360946923494339,-0.0,-0.0,1.0,1.0,0.0,0.0,0,0,0,0,1,0,0,0,0,0,0,0,0,0,0
1723993678,132316366,joy,-1.0,0.09186553210020065,-0.0,-0.0,1.0,1.0,0.0,0.0,0,0,0,0,1,0,0,0,0,0,0,0,0,0,0
1723993678,140073974,joy,-1.0,0.13314582407474518,-0.0,-0.0,1.0,1.0,0.0,0.0,0,0,0,0,1,0,0,0,0,0,0,0,0,0,0
1723993678,147977026,joy,-1.0,0.2404746115207672,-0.0,-0.0,1.0,1.0,0.0,0.0,0,0,0,0,1,0,0,0,0,0,0,0,0,0,0
1723993678,155892383,joy,-0.8679030537605286,0.2404746115207672,-0.0,-0.0,1.0,1.0,0.0,0.0,0,0,0,0,1,0,0,0,0,0,0,0,0,0,0
1723993678,155951371,joy,-0.8679030537605286,0.25698673725128174,-0.0,-0.0,1.0,1.0,0.0,0.0,0,0,0,0,1,0,0,0,0,0,0,0,0,0,0
1723993678,163789522,joy,-0.1909061223268509,0.25698673725128174,-0.0,-0.0,1.0,1.0,0.0,0.0,0,0,0,0,1,0,0,0,0,0,0,0,0,0,0
1723993678,171758811,joy,-0.0,0.25698673725128174,-0.0,-0.0,1.0,1.0,0.0,0.0,0,0,0,0,1,0,0,0,0,0,0,0,0,0,0
1723993678,171819384,joy,-0.0,0.2652427852153778,-0.0,-0.0,1.0,1.0,0.0,0.0,0,0,0,0,1,0,0,0,0,0,0,0,0,0,0
1723993678,195499094,joy,-0.0,0.25698673725128174,-0.0,-0.0,1.0,1.0,0.0,0.0,0,0,0,0,1,0,0,0,0,0,0,0,0,0,0
1723993678,203397770,joy,-0.0,0.16617007553577423,-0.0,-0.0,1.0,1.0,0.0,0.0,0,0,0,0,1,0,0,0,0,0,0,0,0,0,0
1723993678,212396133,joy,0.4055958092212677,0.16617007553577423,-0.0,-0.0,1.0,1.0,0.0,0.0,0,0,0,0,1,0,0,0,0,0,0,0,0,0,0
1723993678,212459760,joy,0.4055958092212677,-0.0,-0.0,-0.0,1.0,1.0,0.0,0.0,0,0,0,0,1,0,0,0,0,0,0,0,0,0,0
1723993678,220309016,joy,0.9917760491371155,-0.0,-0.0,-0.0,1.0,1.0,0.0,0.0,0,0,0,0,1,0,0,0,0,0,0,0,0,0,0
1723993678,228184078,joy,1.0,-0.0,-0.0,-0.0,1.0,1.0,0.0,0.0,0,0,0,0,1,0,0,0,0,0,0,0,0,0,0
1723993678,278772729,joy,1.0,-0.0,-0.0,-0.0,1.0,1.0,0.0,0.0,0,0,0,0,1,0,0,0,0,0,0,0,0,0,0
1723993678,377836208,joy,1.0,-0.0,-0.0,-0.0,1.0,1.0,0.0,0.0,0,0,0,0,1,0,0,0,0,0,0,0,0,0,0
1723993678,459953473,joy,0.39733973145484924,-0.0,-0.0,-0.0,1.0,1.0,0.0,0.0,0,0,0,0,1,0,0,0,0,0,0,0,0,0,0
1723993678,467859544,joy,-0.0,-0.0,-0.0,-0.0,1.0,1.0,0.0,0.0,0,0,0,0,1,0,0,0,0,0,0,0,0,0,0
1723993678,500426279,joy,-0.0,0.2734988331794739,-0.0,-0.0,1.0,1.0,0.0,0.0,0,0,0,0,1,0,0,0,0,0,0,0,0,0,0
1723993678,508291721,joy,-0.0,0.7193260788917542,-0.0,-0.0,1.0,1.0,0.0,0.0,0,0,0,0,1,0,0,0,0,0,0,0,0,0,0
1723993678,516193030,joy,-0.0,1.0,-0.0,-0.0,1.0,1.0,0.0,0.0,0,0,0,0,1,0,0,0,0,0,0,0,0,0,0
1723993678,566824449,joy,-0.0,1.0,-0.0,-0.0,1.0,1.0,0.0,0.0,0,0,0,0,1,0,0,0,0,0,0,0,0,0,0
1723993678,666546362,joy,-0.0,1.0,-0.0,-0.0,1.0,1.0,0.0,0.0,0,0,0,0,1,0,0,0,0,0,0,0,0,0,0
1723993678,683393242,joy,0.017560992389917374,1.0,-0.0,-0.0,1.0,1.0,0.0,0.0,0,0,0,0,1,0,0,0,0,0,0,0,0,0,0
1723993678,691336784,joy,0.017560992389917374,0.4303639829158783,-0.0,-0.0,1.0,1.0,0.0,0.0,0,0,0,0,1,0,0,0,0,0,0,0,0,0,0
1723993678,699327163,joy,0.017560992389917374,-0.0,-0.0,-0.0,1.0,1.0,0.0,0.0,0,0,0,0,1,0,0,0,0,0,0,0,0,0,0
1723993678,707341099,joy,-0.0,-0.0,-0.0,-0.0,1.0,1.0,0.0,0.0,0,0,0,0,1,0,0,0,0,0,0,0,0,0,0
1723993678,724447081,joy,-0.0,-0.19916218519210815,-0.0,-0.0,1.0,1.0,0.0,0.0,0,0,0,0,1,0,0,0,0,0,0,0,0,0,0
1723993678,731324143,joy,-0.0,-1.0,-0.0,-0.0,1.0,1.0,0.0,0.0,0,0,0,0,1,0,0,0,0,0,0,0,0,0,0
1723993678,781764522,joy,-0.0,-1.0,-0.0,-0.0,1.0,1.0,0.0,0.0,0,0,0,0,1,0,0,0,0,0,0,0,0,0,0
1723993678,881582495,joy,-0.0,-1.0,-0.0,-0.0,1.0,1.0,0.0,0.0,0,0,0,0,1,0,0,0,0,0,0,0,0,0,0
1723993678,891683738,joy,-0.0,-0.18265005946159363,-0.0,-0.0,1.0,1.0,0.0,0.0,0,0,0,0,1,0,0,0,0,0,0,0,0,0,0
1723993678,899575982,joy,-0.0,-0.0,-0.0,-0.0,1.0,1.0,0.0,0.0,0,0,0,0,1,0,0,0,0,0,0,0,0,0,0
1723993678,932144835,joy,-0.0,0.32303521037101746,-0.0,-0.0,1.0,1.0,0.0,0.0,0,0,0,0,1,0,0,0,0,0,0,0,0,0,0
1723993678,940075229,joy,-0.0,0.9174715280532837,-0.0,-0.0,1.0,1.0,0.0,0.0,0,0,0,0,1,0,0,0,0,0,0,0,0,0,0
1723993678,947968952,joy,-0.0,1.0,-0.0,-0.0,1.0,1.0,0.0,0.0,0,0,0,0,1,0,0,0,0,0,0,0,0,0,0
1723993678,999374256,joy,-0.0,1.0,-0.0,-0.0,1.0,1.0,0.0,0.0,0,0,0,0,1,0,0,0,0,0,0,0,0,0,0
1723993679,50071843,joy,-0.0,1.0,-0.0,-0.0,1.0,1.0,0.0,0.0,0,0,0,0,1,0,0,0,0,0,0,0,0,0,0
1723993679,76031874,joy,-0.0,0.5211806297302246,-0.0,-0.0,1.0,1.0,0.0,0.0,0,0,0,0,1,0,0,0,0,0,0,0,0,0,0
1723993679,83927555,joy,-0.0,-0.0,-0.0,-0.0,1.0,1.0,0.0,0.0,0,0,0,0,1,0,0,0,0,0,0,0,0,0,0
1723993679,132302592,joy,-0.0,-0.6284772753715515,-0.0,-0.0,1.0,1.0,0.0,0.0,0,0,0,0,1,0,0,0,0,0,0,0,0,0,0
1723993679,140089225,joy,-0.0,-1.0,-0.0,-0.0,1.0,1.0,0.0,0.0,0,0,0,0,1,0,0,0,0,0,0,0,0,0,0
1723993679,190859795,joy,-0.0,-1.0,-0.0,-0.0,1.0,1.0,0.0,0.0,0,0,0,0,1,0,0,0,0,0,0,0,0,0,0
1723993679,220104025,joy,-0.0,-0.034040987491607666,-0.0,-0.0,1.0,1.0,0.0,0.0,0,0,0,0,1,0,0,0,0,0,0,0,0,0,0
1723993679,228056021,joy,-0.0,-0.0,-0.0,-0.0,1.0,1.0,0.0,0.0,0,0,0,0,1,0,0,0,0,0,0,0,0,0,0
1723993679,259446394,joy,-0.0,0.5872291326522827,-0.0,-0.0,1.0,1.0,0.0,0.0,0,0,0,0,1,0,0,0,0,0,0,0,0,0,0
1723993679,268460110,joy,-0.0,1.0,-0.0,-0.0,1.0,1.0,0.0,0.0,0,0,0,0,1,0,0,0,0,0,0,0,0,0,0
1723993679,319136454,joy,-0.0,1.0,-0.0,-0.0,1.0,1.0,0.0,0.0,0,0,0,0,1,0,0,0,0,0,0,0,0,0,0
1723993679,418594330,joy,-0.0,1.0,-0.0,-0.0,1.0,1.0,0.0,0.0,0,0,0,0,1,0,0,0,0,0,0,0,0,0,0
1723993679,419739807,joy,-0.0,1.0,-0.0,-0.0,1.0,1.0,0.0,0.0,0,0,0,0,0,0,0,0,0,0,0,0,0,0,0
1723993679,427721343,joy,-0.0,-0.0,-0.0,-0.0,1.0,1.0,0.0,0.0,0,0,0,0,0,0,0,0,0,0,0,0,0,0,0
1723993679,528052066,joy,-0.0,-0.0,-0.0,-0.0,1.0,1.0,0.0,0.0,0,0,0,0,0,0,0,0,0,0,0,0,0,0,0
1723993679,578749716,joy,-0.0,-0.0,-0.0,-0.0,1.0,1.0,0.0,0.0,0,0,0,0,0,0,0,0,0,0,0,0,0,0,0
1723993679,678877958,joy,-0.0,-0.0,-0.0,-0.0,1.0,1.0,0.0,0.0,0,0,0,0,0,0,0,0,0,0,0,0,0,0,0
1723993679,778148618,joy,-0.0,-0.0,-0.0,-0.0,1.0,1.0,0.0,0.0,0,0,0,0,0,0,0,0,0,0,0,0,0,0,0
1723993679,828848983,joy,-0.0,-0.0,-0.0,-0.0,1.0,1.0,0.0,0.0,0,0,0,0,0,0,0,0,0,0,0,0,0,0,0
1723993679,928995043,joy,-0.0,-0.0,-0.0,-0.0,1.0,1.0,0.0,0.0,0,0,0,0,0,0,0,0,0,0,0,0,0,0,0
1723993679,980828025,joy,-0.0,-0.0,-0.0,-0.0,1.0,1.0,0.0,0.0,0,0,0,0,0,0,0,0,0,0,0,0,0,0,0
1723993680,81084923,joy,-0.0,-0.0,-0.0,-0.0,1.0,1.0,0.0,0.0,0,0,0,0,0,0,0,0,0,0,0,0,0,0,0
1723993680,131728341,joy,-0.0,-0.0,-0.0,-0.0,1.0,1.0,0.0,0.0,0,0,0,0,0,0,0,0,0,0,0,0,0,0,0
1723993680,181878772,joy,-0.0,-0.0,-0.0,-0.0,1.0,1.0,0.0,0.0,0,0,0,0,0,0,0,0,0,0,0,0,0,0,0
1723993680,282091127,joy,-0.0,-0.0,-0.0,-0.0,1.0,1.0,0.0,0.0,0,0,0,0,0,0,0,0,0,0,0,0,0,0,0
1723993680,332915601,joy,-0.0,-0.0,-0.0,-0.0,1.0,1.0,0.0,0.0,0,0,0,0,0,0,0,0,0,0,0,0,0,0,0
1723993680,431294730,joy,-0.0,-0.0,-0.0,-0.0,1.0,1.0,0.0,0.0,0,0,0,0,0,0,0,0,0,0,0,0,0,0,0
1723993680,481627551,joy,-0.0,-0.0,-0.0,-0.0,1.0,1.0,0.0,0.0,0,0,0,0,0,0,0,0,0,0,0,0,0,0,0
1723993680,532095479,joy,-0.0,-0.0,-0.0,-0.0,1.0,1.0,0.0,0.0,0,0,0,0,0,0,0,0,0,0,0,0,0,0,0
1723993680,582858747,joy,-0.0,-0.0,-0.0,-0.0,1.0,1.0,0.0,0.0,0,0,0,0,0,0,0,0,0,0,0,0,0,0,0
1723993680,682135594,joy,-0.0,-0.0,-0.0,-0.0,1.0,1.0,0.0,0.0,0,0,0,0,0,0,0,0,0,0,0,0,0,0,0
1723993680,732832074,joy,-0.0,-0.0,-0.0,-0.0,1.0,1.0,0.0,0.0,0,0,0,0,0,0,0,0,0,0,0,0,0,0,0
1723993680,832114860,joy,-0.0,-0.0,-0.0,-0.0,1.0,1.0,0.0,0.0,0,0,0,0,0,0,0,0,0,0,0,0,0,0,0
1723993680,882875677,joy,-0.0,-0.0,-0.0,-0.0,1.0,1.0,0.0,0.0,0,0,0,0,0,0,0,0,0,0,0,0,0,0,0
1723993680,983420768,joy,-0.0,-0.0,-0.0,-0.0,1.0,1.0,0.0,0.0,0,0,0,0,0,0,0,0,0,0,0,0,0,0,0
1723993681,83419644,joy,-0.0,-0.0,-0.0,-0.0,1.0,1.0,0.0,0.0,0,0,0,0,0,0,0,0,0,0,0,0,0,0,0
1723993681,134006031,joy,-0.0,-0.0,-0.0,-0.0,1.0,1.0,0.0,0.0,0,0,0,0,0,0,0,0,0,0,0,0,0,0,0
1723993681,184402177,joy,-0.0,-0.0,-0.0,-0.0,1.0,1.0,0.0,0.0,0,0,0,0,0,0,0,0,0,0,0,0,0,0,0
1723993681,284969328,joy,-0.0,-0.0,-0.0,-0.0,1.0,1.0,0.0,0.0,0,0,0,0,0,0,0,0,0,0,0,0,0,0,0
1723993681,335765280,joy,-0.0,-0.0,-0.0,-0.0,1.0,1.0,0.0,0.0,0,0,0,0,0,0,0,0,0,0,0,0,0,0,0
1723993681,435056954,joy,-0.0,-0.0,-0.0,-0.0,1.0,1.0,0.0,0.0,0,0,0,0,0,0,0,0,0,0,0,0,0,0,0
1723993681,485719839,joy,-0.0,-0.0,-0.0,-0.0,1.0,1.0,0.0,0.0,0,0,0,0,0,0,0,0,0,0,0,0,0,0,0
1723993681,585733165,joy,-0.0,-0.0,-0.0,-0.0,1.0,1.0,0.0,0.0,0,0,0,0,0,0,0,0,0,0,0,0,0,0,0
1723993681,635964034,joy,-0.0,-0.0,-0.0,-0.0,1.0,1.0,0.0,0.0,0,0,0,0,0,0,0,0,0,0,0,0,0,0,0
1723993681,686265185,joy,-0.0,-0.0,-0.0,-0.0,1.0,1.0,0.0,0.0,0,0,0,0,0,0,0,0,0,0,0,0,0,0,0
1723993681,737114996,joy,-0.0,-0.0,-0.0,-0.0,1.0,1.0,0.0,0.0,0,0,0,0,0,0,0,0,0,0,0,0,0,0,0
1723993681,787919588,joy,-0.0,-0.0,-0.0,-0.0,1.0,1.0,0.0,0.0,0,0,0,0,0,0,0,0,0,0,0,0,0,0,0
1723993681,888123916,joy,-0.0,-0.0,-0.0,-0.0,1.0,1.0,0.0,0.0,0,0,0,0,0,0,0,0,0,0,0,0,0,0,0
1723993681,938767797,joy,-0.0,-0.0,-0.0,-0.0,1.0,1.0,0.0,0.0,0,0,0,0,0,0,0,0,0,0,0,0,0,0,0
1723993681,989491348,joy,-0.0,-0.0,-0.0,-0.0,1.0,1.0,0.0,0.0,0,0,0,0,0,0,0,0,0,0,0,0,0,0,0
1723993682,40102305,joy,-0.0,-0.0,-0.0,-0.0,1.0,1.0,0.0,0.0,0,0,0,0,0,0,0,0,0,0,0,0,0,0,0
1723993682,90982046,joy,-0.0,-0.0,-0.0,-0.0,1.0,1.0,0.0,0.0,0,0,0,0,0,0,0,0,0,0,0,0,0,0,0
1723993682,141271118,joy,-0.0,-0.0,-0.0,-0.0,1.0,1.0,0.0,0.0,0,0,0,0,0,0,0,0,0,0,0,0,0,0,0
1723993682,192047385,joy,-0.0,-0.0,-0.0,-0.0,1.0,1.0,0.0,0.0,0,0,0,0,0,0,0,0,0,0,0,0,0,0,0
1723993682,242538774,joy,-0.0,-0.0,-0.0,-0.0,1.0,1.0,0.0,0.0,0,0,0,0,0,0,0,0,0,0,0,0,0,0,0
1723993682,293008678,joy,-0.0,-0.0,-0.0,-0.0,1.0,1.0,0.0,0.0,0,0,0,0,0,0,0,0,0,0,0,0,0,0,0
1723993682,392378670,joy,-0.0,-0.0,-0.0,-0.0,1.0,1.0,0.0,0.0,0,0,0,0,0,0,0,0,0,0,0,0,0,0,0
1723993682,443031599,joy,-0.0,-0.0,-0.0,-0.0,1.0,1.0,0.0,0.0,0,0,0,0,0,0,0,0,0,0,0,0,0,0,0
1723993682,493890243,joy,-0.0,-0.0,-0.0,-0.0,1.0,1.0,0.0,0.0,0,0,0,0,0,0,0,0,0,0,0,0,0,0,0
1723993682,594101555,joy,-0.0,-0.0,-0.0,-0.0,1.0,1.0,0.0,0.0,0,0,0,0,0,0,0,0,0,0,0,0,0,0,0
1723993682,644915975,joy,-0.0,-0.0,-0.0,-0.0,1.0,1.0,0.0,0.0,0,0,0,0,0,0,0,0,0,0,0,0,0,0,0
1723993682,744335471,joy,-0.0,-0.0,-0.0,-0.0,1.0,1.0,0.0,0.0,0,0,0,0,0,0,0,0,0,0,0,0,0,0,0
1723993682,795089970,joy,-0.0,-0.0,-0.0,-0.0,1.0,1.0,0.0,0.0,0,0,0,0,0,0,0,0,0,0,0,0,0,0,0
1723993682,845865652,joy,-0.0,-0.0,-0.0,-0.0,1.0,1.0,0.0,0.0,0,0,0,0,0,0,0,0,0,0,0,0,0,0,0
1723993682,896124439,joy,-0.0,-0.0,-0.0,-0.0,1.0,1.0,0.0,0.0,0,0,0,0,0,0,0,0,0,0,0,0,0,0,0
1723993682,946926265,joy,-0.0,-0.0,-0.0,-0.0,1.0,1.0,0.0,0.0,0,0,0,0,0,0,0,0,0,0,0,0,0,0,0
1723993682,997686146,joy,-0.0,-0.0,-0.0,-0.0,1.0,1.0,0.0,0.0,0,0,0,0,0,0,0,0,0,0,0,0,0,0,0
1723993683,98084054,joy,-0.0,-0.0,-0.0,-0.0,1.0,1.0,0.0,0.0,0,0,0,0,0,0,0,0,0,0,0,0,0,0,0
1723993683,148618067,joy,-0.0,-0.0,-0.0,-0.0,1.0,1.0,0.0,0.0,0,0,0,0,0,0,0,0,0,0,0,0,0,0,0
1723993683,198947157,joy,-0.0,-0.0,-0.0,-0.0,1.0,1.0,0.0,0.0,0,0,0,0,0,0,0,0,0,0,0,0,0,0,0
1723993683,249104441,joy,-0.0,-0.0,-0.0,-0.0,1.0,1.0,0.0,0.0,0,0,0,0,0,0,0,0,0,0,0,0,0,0,0
1723993683,299730703,joy,-0.0,-0.0,-0.0,-0.0,1.0,1.0,0.0,0.0,0,0,0,0,0,0,0,0,0,0,0,0,0,0,0
1723993683,398761882,joy,-0.0,-0.0,-0.0,-0.0,1.0,1.0,0.0,0.0,0,0,0,0,0,0,0,0,0,0,0,0,0,0,0
1723993683,498600050,joy,-0.0,-0.0,-0.0,-0.0,1.0,1.0,0.0,0.0,0,0,0,0,0,0,0,0,0,0,0,0,0,0,0
1723993683,598620230,joy,-0.0,-0.0,-0.0,-0.0,1.0,1.0,0.0,0.0,0,0,0,0,0,0,0,0,0,0,0,0,0,0,0
1723993683,699038707,joy,-0.0,-0.0,-0.0,-0.0,1.0,1.0,0.0,0.0,0,0,0,0,0,0,0,0,0,0,0,0,0,0,0
1723993683,749558330,joy,-0.0,-0.0,-0.0,-0.0,1.0,1.0,0.0,0.0,0,0,0,0,0,0,0,0,0,0,0,0,0,0,0
1723993683,799883181,joy,-0.0,-0.0,-0.0,-0.0,1.0,1.0,0.0,0.0,0,0,0,0,0,0,0,0,0,0,0,0,0,0,0
1723993683,899533099,joy,-0.0,-0.0,-0.0,-0.0,1.0,1.0,0.0,0.0,0,0,0,0,0,0,0,0,0,0,0,0,0,0,0
1723993683,950083138,joy,-0.0,-0.0,-0.0,-0.0,1.0,1.0,0.0,0.0,0,0,0,0,0,0,0,0,0,0,0,0,0,0,0
1723993684,1462304,joy,-0.0,-0.0,-0.0,-0.0,1.0,1.0,0.0,0.0,0,0,0,0,0,0,0,0,0,0,0,0,0,0,0
1723993684,52122825,joy,-0.0,-0.0,-0.0,-0.0,1.0,1.0,0.0,0.0,0,0,0,0,0,0,0,0,0,0,0,0,0,0,0
1723993684,102701209,joy,-0.0,-0.0,-0.0,-0.0,1.0,1.0,0.0,0.0,0,0,0,0,0,0,0,0,0,0,0,0,0,0,0
1723993684,202962633,joy,-0.0,-0.0,-0.0,-0.0,1.0,1.0,0.0,0.0,0,0,0,0,0,0,0,0,0,0,0,0,0,0,0
1723993684,253496352,joy,-0.0,-0.0,-0.0,-0.0,1.0,1.0,0.0,0.0,0,0,0,0,0,0,0,0,0,0,0,0,0,0,0
1723993684,304126272,joy,-0.0,-0.0,-0.0,-0.0,1.0,1.0,0.0,0.0,0,0,0,0,0,0,0,0,0,0,0,0,0,0,0
1723993684,403400021,joy,-0.0,-0.0,-0.0,-0.0,1.0,1.0,0.0,0.0,0,0,0,0,0,0,0,0,0,0,0,0,0,0,0
1723993684,503888649,joy,-0.0,-0.0,-0.0,-0.0,1.0,1.0,0.0,0.0,0,0,0,0,0,0,0,0,0,0,0,0,0,0,0
1723993684,604030617,joy,-0.0,-0.0,-0.0,-0.0,1.0,1.0,0.0,0.0,0,0,0,0,0,0,0,0,0,0,0,0,0,0,0
1723993684,654491923,joy,-0.0,-0.0,-0.0,-0.0,1.0,1.0,0.0,0.0,0,0,0,0,0,0,0,0,0,0,0,0,0,0,0
1723993684,704919614,joy,-0.0,-0.0,-0.0,-0.0,1.0,1.0,0.0,0.0,0,0,0,0,0,0,0,0,0,0,0,0,0,0,0
1723993684,804289312,joy,-0.0,-0.0,-0.0,-0.0,1.0,1.0,0.0,0.0,0,0,0,0,0,0,0,0,0,0,0,0,0,0,0
1723993684,855029401,joy,-0.0,-0.0,-0.0,-0.0,1.0,1.0,0.0,0.0,0,0,0,0,0,0,0,0,0,0,0,0,0,0,0
1723993684,905704339,joy,-0.0,-0.0,-0.0,-0.0,1.0,1.0,0.0,0.0,0,0,0,0,0,0,0,0,0,0,0,0,0,0,0
1723993684,956235945,joy,-0.0,-0.0,-0.0,-0.0,1.0,1.0,0.0,0.0,0,0,0,0,0,0,0,0,0,0,0,0,0,0,0
1723993685,7076880,joy,-0.0,-0.0,-0.0,-0.0,1.0,1.0,0.0,0.0,0,0,0,0,0,0,0,0,0,0,0,0,0,0,0
1723993685,57789176,joy,-0.0,-0.0,-0.0,-0.0,1.0,1.0,0.0,0.0,0,0,0,0,0,0,0,0,0,0,0,0,0,0,0
1723993685,158094081,joy,-0.0,-0.0,-0.0,-0.0,1.0,1.0,0.0,0.0,0,0,0,0,0,0,0,0,0,0,0,0,0,0,0
1723993685,208772701,joy,-0.0,-0.0,-0.0,-0.0,1.0,1.0,0.0,0.0,0,0,0,0,0,0,0,0,0,0,0,0,0,0,0
1723993685,308109283,joy,-0.0,-0.0,-0.0,-0.0,1.0,1.0,0.0,0.0,0,0,0,0,0,0,0,0,0,0,0,0,0,0,0
1723993685,407183651,joy,-0.0,-0.0,-0.0,-0.0,1.0,1.0,0.0,0.0,0,0,0,0,0,0,0,0,0,0,0,0,0,0,0
1723993685,457869768,joy,-0.0,-0.0,-0.0,-0.0,1.0,1.0,0.0,0.0,0,0,0,0,0,0,0,0,0,0,0,0,0,0,0
1723993685,557225490,joy,-0.0,-0.0,-0.0,-0.0,1.0,1.0,0.0,0.0,0,0,0,0,0,0,0,0,0,0,0,0,0,0,0
1723993685,657684232,joy,-0.0,-0.0,-0.0,-0.0,1.0,1.0,0.0,0.0,0,0,0,0,0,0,0,0,0,0,0,0,0,0,0
1723993685,757754272,joy,-0.0,-0.0,-0.0,-0.0,1.0,1.0,0.0,0.0,0,0,0,0,0,0,0,0,0,0,0,0,0,0,0
1723993685,857835858,joy,-0.0,-0.0,-0.0,-0.0,1.0,1.0,0.0,0.0,0,0,0,0,0,0,0,0,0,0,0,0,0,0,0
1723993685,958865798,joy,-0.0,-0.0,-0.0,-0.0,1.0,1.0,0.0,0.0,0,0,0,0,0,0,0,0,0,0,0,0,0,0,0
1723993686,58870035,joy,-0.0,-0.0,-0.0,-0.0,1.0,1.0,0.0,0.0,0,0,0,0,0,0,0,0,0,0,0,0,0,0,0
1723993686,158909814,joy,-0.0,-0.0,-0.0,-0.0,1.0,1.0,0.0,0.0,0,0,0,0,0,0,0,0,0,0,0,0,0,0,0
1723993686,258045814,joy,-0.0,-0.0,-0.0,-0.0,1.0,1.0,0.0,0.0,0,0,0,0,0,0,0,0,0,0,0,0,0,0,0
1723993686,308837196,joy,-0.0,-0.0,-0.0,-0.0,1.0,1.0,0.0,0.0,0,0,0,0,0,0,0,0,0,0,0,0,0,0,0
1723993686,408697442,joy,-0.0,-0.0,-0.0,-0.0,1.0,1.0,0.0,0.0,0,0,0,0,0,0,0,0,0,0,0,0,0,0,0
1723993686,508807664,joy,-0.0,-0.0,-0.0,-0.0,1.0,1.0,0.0,0.0,0,0,0,0,0,0,0,0,0,0,0,0,0,0,0
1723993686,609081373,joy,-0.0,-0.0,-0.0,-0.0,1.0,1.0,0.0,0.0,0,0,0,0,0,0,0,0,0,0,0,0,0,0,0
1723993686,659810042,joy,-0.0,-0.0,-0.0,-0.0,1.0,1.0,0.0,0.0,0,0,0,0,0,0,0,0,0,0,0,0,0,0,0
1723993686,759851343,joy,-0.0,-0.0,-0.0,-0.0,1.0,1.0,0.0,0.0,0,0,0,0,0,0,0,0,0,0,0,0,0,0,0
1723993686,859791026,joy,-0.0,-0.0,-0.0,-0.0,1.0,1.0,0.0,0.0,0,0,0,0,0,0,0,0,0,0,0,0,0,0,0
1723993686,960534872,joy,-0.0,-0.0,-0.0,-0.0,1.0,1.0,0.0,0.0,0,0,0,0,0,0,0,0,0,0,0,0,0,0,0
1723993687,10985082,joy,-0.0,-0.0,-0.0,-0.0,1.0,1.0,0.0,0.0,0,0,0,0,0,0,0,0,0,0,0,0,0,0,0
1723993687,61626017,joy,-0.0,-0.0,-0.0,-0.0,1.0,1.0,0.0,0.0,0,0,0,0,0,0,0,0,0,0,0,0,0,0,0
1723993687,161923658,joy,-0.0,-0.0,-0.0,-0.0,1.0,1.0,0.0,0.0,0,0,0,0,0,0,0,0,0,0,0,0,0,0,0
1723993687,261247466,joy,-0.0,-0.0,-0.0,-0.0,1.0,1.0,0.0,0.0,0,0,0,0,0,0,0,0,0,0,0,0,0,0,0
1723993687,311982008,joy,-0.0,-0.0,-0.0,-0.0,1.0,1.0,0.0,0.0,0,0,0,0,0,0,0,0,0,0,0,0,0,0,0
1723993687,411079575,joy,-0.0,-0.0,-0.0,-0.0,1.0,1.0,0.0,0.0,0,0,0,0,0,0,0,0,0,0,0,0,0,0,0
1723993687,461761583,joy,-0.0,-0.0,-0.0,-0.0,1.0,1.0,0.0,0.0,0,0,0,0,0,0,0,0,0,0,0,0,0,0,0
1723993687,562076785,joy,-0.0,-0.0,-0.0,-0.0,1.0,1.0,0.0,0.0,0,0,0,0,0,0,0,0,0,0,0,0,0,0,0
1723993687,612859472,joy,-0.0,-0.0,-0.0,-0.0,1.0,1.0,0.0,0.0,0,0,0,0,0,0,0,0,0,0,0,0,0,0,0
1723993687,712312480,joy,-0.0,-0.0,-0.0,-0.0,1.0,1.0,0.0,0.0,0,0,0,0,0,0,0,0,0,0,0,0,0,0,0
1723993687,763083874,joy,-0.0,-0.0,-0.0,-0.0,1.0,1.0,0.0,0.0,0,0,0,0,0,0,0,0,0,0,0,0,0,0,0
1723993687,813856624,joy,-0.0,-0.0,-0.0,-0.0,1.0,1.0,0.0,0.0,0,0,0,0,0,0,0,0,0,0,0,0,0,0,0
1723993687,914115078,joy,-0.0,-0.0,-0.0,-0.0,1.0,1.0,0.0,0.0,0,0,0,0,0,0,0,0,0,0,0,0,0,0,0
1723993687,965747138,joy,-0.0,-0.0,-0.0,-0.0,1.0,1.0,0.0,0.0,0,0,0,0,0,0,0,0,0,0,0,0,0,0,0
1723993688,65925592,joy,-0.0,-0.0,-0.0,-0.0,1.0,1.0,0.0,0.0,0,0,0,0,0,0,0,0,0,0,0,0,0,0,0
1723993688,166097685,joy,-0.0,-0.0,-0.0,-0.0,1.0,1.0,0.0,0.0,0,0,0,0,0,0,0,0,0,0,0,0,0,0,0
1723993688,216541992,joy,-0.0,-0.0,-0.0,-0.0,1.0,1.0,0.0,0.0,0,0,0,0,0,0,0,0,0,0,0,0,0,0,0
1723993688,316689876,joy,-0.0,-0.0,-0.0,-0.0,1.0,1.0,0.0,0.0,0,0,0,0,0,0,0,0,0,0,0,0,0,0,0
1723993688,416852226,joy,-0.0,-0.0,-0.0,-0.0,1.0,1.0,0.0,0.0,0,0,0,0,0,0,0,0,0,0,0,0,0,0,0
1723993688,516952146,joy,-0.0,-0.0,-0.0,-0.0,1.0,1.0,0.0,0.0,0,0,0,0,0,0,0,0,0,0,0,0,0,0,0
